a1(um),a2(um),a3(um),a4(um),n1 dopant(%),n2 dopant(%),n3 dopant(%),n4 dopant(%),alpha,beta (Real),neff (Real),a_eff,alpha,dispersion,isLeaky,neffg,fillFac,gammaE
3.0,2.0,2.5,5.0,0.04,0.0,0.0,0.0,1.0,5.851065767880923,1.443400360936739,110.4707868223334,0.0,15.76700372634114,1.0,1.464888830465646,0.4834895484627329,0.4837877897601294
3.75,2.0,2.5,5.0,0.04,0.0,0.0,0.0,1.0,5.853766235568809,1.444066539747579,98.84712262423164,0.0,16.32579171155087,2.0,1.465457825475502,0.6187344967361527,0.6191527379546719
4.5,2.0,2.5,5.0,0.04,0.0,0.0,0.0,1.0,5.855882429705249,1.444588584021481,94.89407704982271,0.0,16.31329460313059,2.0,1.465881012996709,0.7262669330391767,0.7268018355477401
5.25,2.0,2.5,5.0,0.04,0.0,0.0,0.0,1.0,5.857617350742499,1.445016571972858,93.63396412496806,0.0,16.39219655556539,2.0,1.466236643899478,0.8106409542418432,0.8112760778102407
6.0,2.0,2.5,5.0,0.04,0.0,0.0,0.0,1.0,5.859087914935126,1.445379345691463,94.1726910284766,0.0,16.71450801229658,2.0,1.466533466837135,0.8733860284302645,0.8740946092135443
