a1(um),a2(um),a3(um),a4(um),n1 dopant(%),n2 dopant(%),n3 dopant(%),n4 dopant(%),alpha,beta,neff,a_eff,alpha,dispersion,isLeaky,neffg
3.0,2.0,2.5,5.0,0.04,0.0,0.001,0.0,1.0,5.840860577509584,1.440882840872911,314.0249005349759,0.0,15.87590018126231,1.0,1.464711413462579
