a1(um),a2(um),a3(um),a4(um),n1 dopant(%),n2 dopant(%),n3 dopant(%),n4 dopant(%),alpha,beta (Real),neff (Real),a_eff,alpha,dispersion,isLeaky,neffg,fillFac,gammaE
3.0,2.0,2.5,15.0,0.04,0.0,0.0,0.0,1.0,5.852417808158677,1.443733895971608,1216150878.698682,0.0,22.71288258075247,1.0,1.462845958532674,0.0001321492407742712,0.0001351958454863503
3.5,2.0,2.5,15.0,0.04,0.0,0.0,0.0,1.0,5.852576231988969,1.443772977571935,1333.589835300289,0.0,1.210312936544994,1.0,1.463286997574877,0.1586993181747329,0.1588095182671916
4.0,2.0,2.5,15.0,0.04,0.0,0.0,0.0,1.0,5.853624787561215,1.4440316459157,95.03767834497806,0.0,-0.5502073399119398,2.0,1.465549879327122,0.656703820844931,0.6572357796400108
4.5,2.0,2.5,15.0,0.04,0.0,0.0,0.0,1.0,5.855080261973062,1.444390697133844,79.61994060104207,0.0,12.99599555944431,2.0,1.466202653639101,0.7807503777610004,0.781423302202663
5.0,2.0,2.5,15.0,0.04,0.0,0.0,0.0,1.0,5.856431285145319,1.444723981258793,78.69362810302378,0.0,16.19591552743229,2.0,1.466509384920504,0.8425818169175854,0.8433303383821293
